condition,tick,source,cell_type,transmitter_sign,target,forecast,source_spike,source_sensory_input,source_observed_current,arrival_count,signed_recurrent_current,retained_eligibility,weight_update_proposal
initial,232,20655,L2,1.0,-1.0,-0.021339239552617073,False,-30.0,-23.867406845092773,0,0.01860404945909977,1.0985697507858276,-0.0107512716203928
initial,232,26550,L1,-1.0,-1.0,-0.021339239552617073,False,-30.0,-23.867406845092773,0,-0.03303451091051102,-1.0984411239624023,0.01075001247227192
initial,233,20655,L2,1.0,0.0,-0.014430459588766098,False,0.0,-22.656129837036133,0,0.01510530337691307,0.7427542805671692,0.0
initial,233,26550,L1,-1.0,0.0,-0.014430459588766098,False,0.0,-22.656129837036133,0,-0.026821918785572052,-0.7427300810813904,0.0
initial,234,20655,L2,1.0,0.0,-0.014430459588766098,False,0.0,-21.506324768066406,0,0.012264544144272804,0.7427542805671692,0.0
initial,234,26550,L1,-1.0,0.0,-0.014430459588766098,False,0.0,-21.506324768066406,0,-0.021777689456939697,-0.7427300810813904,0.0
initial,235,20655,L2,1.0,0.0,-0.014430459588766098,False,0.0,-20.414873123168945,0,0.009958028793334961,0.7427542805671692,0.0
initial,235,26550,L1,-1.0,0.0,-0.014430459588766098,False,0.0,-20.414873123168945,0,-0.017682097852230072,-0.7427300810813904,0.0
initial,236,20655,L2,1.0,0.0,-0.014430459588766098,False,0.0,-19.378812789916992,0,0.008085285313427448,0.7427542805671692,0.0
initial,236,26550,L1,-1.0,0.0,-0.014430459588766098,False,0.0,-19.378812789916992,0,-0.014356737025082111,-0.7427300810813904,0.0
initial,237,20655,L2,1.0,0.0,-0.014430459588766098,False,0.0,-18.39533233642578,0,0.00656473683193326,0.7427542805671692,0.0
initial,237,26550,L1,-1.0,0.0,-0.014430459588766098,False,0.0,-18.39533233642578,0,-0.01165675651282072,-0.7427300810813904,0.0
initial,238,20655,L2,1.0,0.0,-0.014430459588766098,False,0.0,-17.46176528930664,0,0.0053301481530070305,0.7427542805671692,0.0
initial,238,26550,L1,-1.0,0.0,-0.014430459588766098,False,0.0,-17.46176528930664,0,-0.009464544244110584,-0.7427300810813904,0.0
initial,239,20655,L2,1.0,0.0,-0.014430459588766098,False,0.0,-16.575576782226562,0,0.004327740985900164,0.7427542805671692,0.0
initial,239,26550,L1,-1.0,0.0,-0.014430459588766098,False,0.0,-16.575576782226562,0,-0.007684607058763504,-0.7427300810813904,0.0
initial,240,20655,L2,1.0,0.0,-0.014430459588766098,False,0.0,-15.73436164855957,0,0.003513850038871169,0.7427542805671692,0.00010718285193433985
initial,240,26550,L1,-1.0,0.0,-0.014430459588766098,False,0.0,-15.73436164855957,0,-0.006239411421120167,-0.7427300810813904,-0.00010717935947468504
initial,241,20655,L2,1.0,0.0,-0.002725561149418354,False,0.0,-14.93583869934082,0,0.0028530224226415157,0.14028812944889069,0.0
initial,241,26550,L1,-1.0,0.0,-0.002725561149418354,False,0.0,-14.93583869934082,0,-0.005066004581749439,-0.14028353989124298,0.0
initial,242,20655,L2,1.0,0.0,-0.002725561149418354,False,0.0,-14.177841186523438,0,0.0023164725862443447,0.14028812944889069,0.0
initial,242,26550,L1,-1.0,0.0,-0.002725561149418354,False,0.0,-14.177841186523438,0,-0.004113273229449987,-0.14028353989124298,0.0
initial,243,20655,L2,1.0,0.0,-0.002725561149418354,False,0.0,-13.458312034606934,0,0.0018808281747624278,0.14028812944889069,0.0
initial,243,26550,L1,-1.0,0.0,-0.002725561149418354,False,0.0,-13.458312034606934,0,-0.00333971600048244,-0.14028353989124298,0.0
initial,244,20655,L2,1.0,0.0,-0.002725561149418354,False,0.0,-12.775299072265625,0,0.0015271126758307219,0.14028812944889069,0.0
initial,244,26550,L1,-1.0,0.0,-0.002725561149418354,False,0.0,-12.775299072265625,0,-0.0027116367127746344,-0.14028353989124298,0.0
initial,245,20655,L2,1.0,0.0,-0.002725561149418354,False,0.0,-12.126949310302734,0,0.0012399182887747884,0.14028812944889069,0.0
initial,245,26550,L1,-1.0,0.0,-0.002725561149418354,False,0.0,-12.126949310302734,0,-0.002201676368713379,-0.14028353989124298,0.0
initial,246,20655,L2,1.0,0.0,-0.002725561149418354,False,0.0,-11.511503219604492,0,0.0010067346738651395,0.14028812944889069,0.0
initial,246,26550,L1,-1.0,0.0,-0.002725561149418354,False,0.0,-11.511503219604492,0,-0.0017876210622489452,-0.14028353989124298,0.0
initial,247,20655,L2,1.0,0.0,-0.002725561149418354,False,0.0,-10.927291870117188,0,0.0008174044196493924,0.14028812944889069,0.0
initial,247,26550,L1,-1.0,0.0,-0.002725561149418354,False,0.0,-10.927291870117188,0,-0.0014514344511553645,-0.14028353989124298,0.0
initial,248,20655,L2,1.0,0.0,-0.002725561149418354,False,0.0,-10.372729301452637,0,0.0006636803154833615,0.14028812944889069,3.8236389627854805e-06
initial,248,26550,L1,-1.0,0.0,-0.002725561149418354,False,0.0,-10.372729301452637,0,-0.0011784723028540611,-0.14028353989124298,-3.823513907263987e-06
initial,249,20655,L2,1.0,0.0,-0.0005147918709553778,False,0.0,-9.84631061553955,0,0.0005388661520555615,0.026496997103095055,0.0
initial,249,26550,L1,-1.0,0.0,-0.0005147918709553778,False,0.0,-9.84631061553955,0,-0.0009568444802425802,-0.02649613469839096,0.0
initial,250,20655,L2,1.0,0.0,-0.0005147918709553778,False,0.0,-9.34660816192627,0,0.00043752501369453967,0.026496997103095055,0.0
initial,250,26550,L1,-1.0,0.0,-0.0005147918709553778,False,0.0,-9.34660816192627,0,-0.0007768967770971358,-0.02649613469839096,0.0
initial,251,20655,L2,1.0,0.0,-0.0005147918709553778,False,0.0,-8.872265815734863,0,0.00035524246050044894,0.026496997103095055,0.0
initial,251,26550,L1,-1.0,0.0,-0.0005147918709553778,False,0.0,-8.872265815734863,0,-0.0006307907169684768,-0.02649613469839096,0.0
initial,252,20655,L2,1.0,0.0,-0.0005147918709553778,False,0.0,-8.421996116638184,0,0.00028843426844105124,0.026496997103095055,0.0
initial,252,26550,L1,-1.0,0.0,-0.0005147918709553778,False,0.0,-8.421996116638184,0,-0.0005121618742123246,-0.02649613469839096,0.0
initial,253,20655,L2,1.0,0.0,-0.0005147918709553778,False,0.0,-7.994577884674072,0,0.0002341902581974864,0.026496997103095055,0.0
initial,253,26550,L1,-1.0,0.0,-0.0005147918709553778,False,0.0,-7.994577884674072,0,-0.0004158428346272558,-0.02649613469839096,0.0
initial,254,20655,L2,1.0,0.0,-0.0005147918709553778,False,0.0,-7.588850975036621,0,0.00019014757708646357,0.026496997103095055,0.0
initial,254,26550,L1,-1.0,0.0,-0.0005147918709553778,False,0.0,-7.588850975036621,0,-0.0003376379027031362,-0.02649613469839096,0.0
initial,255,20655,L2,1.0,0.0,-0.0005147918709553778,False,0.0,-7.203714847564697,0,0.00015438772970810533,0.026496997103095055,0.0
initial,255,26550,L1,-1.0,0.0,-0.0005147918709553778,False,0.0,-7.203714847564697,0,-0.00027414047508500516,-0.02649613469839096,0.0
initial,256,20655,L2,1.0,1.0,-0.0005147918709553778,False,30.0,23.161876678466797,0,0.00012535300629679114,0.026496997103095055,0.00026510635507293046
initial,256,26550,L1,-1.0,1.0,-0.0005147918709553778,False,30.0,23.161876678466797,0,-0.00022258461103774607,-0.02649613469839096,-0.00026509774033911526
initial,257,20655,L2,1.0,0.0,-9.723159746499732e-05,False,0.0,21.986406326293945,0,0.00010177865624427795,0.005004635080695152,0.0
initial,257,26550,L1,-1.0,0.0,-9.723159746499732e-05,False,0.0,21.986406326293945,0,-0.0001807245280360803,-0.005004472099244595,0.0
initial,258,20655,L2,1.0,0.0,-9.723159746499732e-05,False,0.0,20.870590209960938,0,8.2637787272688e-05,0.005004635080695152,0.0
initial,258,26550,L1,-1.0,0.0,-9.723159746499732e-05,False,0.0,20.870590209960938,0,-0.00014673681289423257,-0.005004472099244595,0.0
initial,259,20655,L2,1.0,0.0,-9.723159746499732e-05,False,0.0,19.811403274536133,0,6.709661829518154e-05,0.005004635080695152,0.0
initial,259,26550,L1,-1.0,0.0,-9.723159746499732e-05,False,0.0,19.811403274536133,0,-0.00011914094648091123,-0.005004472099244595,0.0
initial,260,20655,L2,1.0,0.0,-9.723159746499732e-05,False,0.0,18.80596923828125,0,5.4478179663419724e-05,0.005004635080695152,0.0
initial,260,26550,L1,-1.0,0.0,-9.723159746499732e-05,False,0.0,18.80596923828125,0,-9.67348605627194e-05,-0.005004472099244595,0.0
initial,261,20655,L2,1.0,0.0,-9.723159746499732e-05,False,0.0,17.851560592651367,0,4.4232812797417864e-05,0.005004635080695152,0.0
initial,261,26550,L1,-1.0,0.0,-9.723159746499732e-05,False,0.0,17.851560592651367,0,-7.854254363337532e-05,-0.005004472099244595,0.0
initial,262,20655,L2,1.0,0.0,-9.723159746499732e-05,False,0.0,16.945589065551758,0,3.591422864701599e-05,0.005004635080695152,0.0
initial,262,26550,L1,-1.0,0.0,-9.723159746499732e-05,False,0.0,16.945589065551758,0,-6.377154204528779e-05,-0.005004472099244595,0.0
initial,263,20655,L2,1.0,0.0,-9.723159746499732e-05,True,0.0,16.085596084594727,0,2.9160066333133727e-05,0.005004635080695152,0.0
initial,263,26550,L1,-1.0,0.0,-9.723159746499732e-05,True,0.0,16.085596084594727,0,-5.1778431952698156e-05,-0.005004472099244595,0.0
initial,264,20655,L2,1.0,0.0,-9.723159746499732e-05,False,0.0,15.269248008728027,1,0.014695900492370129,0.005004635080695152,4.866086644739198e-09
initial,264,26550,L1,-1.0,0.0,-9.723159746499732e-05,False,0.0,15.269248008728027,1,-0.054893091320991516,-0.005004472099244595,-4.865928104891282e-09
initial,280,20655,L2,1.0,-1.0,-0.02909843996167183,False,-30.0,-23.364013671875,0,0.007184922695159912,0.7243154644966125,-0.007032390218228102
initial,280,26550,L1,-1.0,-1.0,-0.02909843996167183,False,-30.0,-23.364013671875,0,-0.02685864455997944,-0.7243154644966125,0.007032390218228102
initial,281,20655,L2,1.0,0.0,-0.019673723727464676,False,0.0,-22.17828369140625,0,0.005833699833601713,0.48967158794403076,0.0
initial,281,26550,L1,-1.0,0.0,-0.019673723727464676,False,0.0,-22.17828369140625,0,-0.021807508543133736,-0.48967158794403076,0.0
initial,282,20655,L2,1.0,0.0,-0.019673723727464676,False,0.0,-21.052730560302734,0,0.004736592993140221,0.48967158794403076,0.0
initial,282,26550,L1,-1.0,0.0,-0.019673723727464676,False,0.0,-21.052730560302734,0,-0.017706308513879776,-0.48967158794403076,0.0
initial,283,20655,L2,1.0,0.0,-0.019673723727464676,False,0.0,-19.984298706054688,0,0.0038458118215203285,0.48967158794403076,0.0
initial,283,26550,L1,-1.0,0.0,-0.019673723727464676,False,0.0,-19.984298706054688,0,-0.014376395381987095,-0.48967158794403076,0.0
initial,284,20655,L2,1.0,0.0,-0.019673723727464676,False,0.0,-18.970090866088867,0,0.0031225543934851885,0.48967158794403076,0.0
initial,284,26550,L1,-1.0,0.0,-0.019673723727464676,False,0.0,-18.970090866088867,0,-0.01167271751910448,-0.48967158794403076,0.0
initial,285,20655,L2,1.0,0.0,-0.019673723727464676,False,0.0,-18.007354736328125,0,0.002535315230488777,0.48967158794403076,0.0
initial,285,26550,L1,-1.0,0.0,-0.019673723727464676,False,0.0,-18.007354736328125,0,-0.009477503597736359,-0.48967158794403076,0.0
initial,286,20655,L2,1.0,0.0,-0.019673723727464676,False,0.0,-17.093477249145508,0,0.002058514626696706,0.48967158794403076,0.0
initial,286,26550,L1,-1.0,0.0,-0.019673723727464676,False,0.0,-17.093477249145508,0,-0.007695129606872797,-0.48967158794403076,0.0
initial,287,20655,L2,1.0,0.0,-0.019673723727464676,False,0.0,-16.22597885131836,0,0.0016713828081265092,0.48967158794403076,0.0
initial,287,26550,L1,-1.0,0.0,-0.019673723727464676,False,0.0,-16.22597885131836,0,-0.006247955374419689,-0.48967158794403076,0.0
initial,288,20655,L2,1.0,0.0,-0.019673723727464676,False,0.0,-15.402505874633789,0,0.0013570564333349466,0.48967158794403076,9.633663285057992e-05
initial,288,26550,L1,-1.0,0.0,-0.019673723727464676,False,0.0,-15.402505874633789,0,-0.00507294200360775,-0.48967158794403076,-9.633663285057992e-05
initial,289,20655,L2,1.0,0.0,-0.003715885104611516,False,0.0,-14.620824813842773,0,0.001101843430660665,0.09248699992895126,0.0
initial,289,26550,L1,-1.0,0.0,-0.003715885104611516,False,0.0,-14.620824813842773,0,-0.004118905868381262,-0.09248699992895126,0.0
initial,290,20655,L2,1.0,0.0,-0.003715885104611516,False,0.0,-13.878813743591309,0,0.0008946267189458013,0.09248699992895126,0.0
initial,290,26550,L1,-1.0,0.0,-0.003715885104611516,False,0.0,-13.878813743591309,0,-0.0033442892599850893,-0.09248699992895126,0.0
initial,291,20655,L2,1.0,0.0,-0.003715885104611516,False,0.0,-13.174460411071777,0,0.0007263799197971821,0.09248699992895126,0.0
initial,291,26550,L1,-1.0,0.0,-0.003715885104611516,False,0.0,-13.174460411071777,0,-0.0027153498958796263,-0.09248699992895126,0.0
initial,292,20655,L2,1.0,0.0,-0.003715885104611516,False,0.0,-12.505853652954102,0,0.0005897742230445147,0.09248699992895126,0.0
initial,292,26550,L1,-1.0,0.0,-0.003715885104611516,False,0.0,-12.505853652954102,0,-0.002204691292718053,-0.09248699992895126,0.0
initial,293,20655,L2,1.0,0.0,-0.003715885104611516,False,0.0,-11.87117862701416,0,0.0004788591177202761,0.09248699992895126,0.0
initial,293,26550,L1,-1.0,0.0,-0.003715885104611516,False,0.0,-11.87117862701416,0,-0.0017900689272210002,-0.09248699992895126,0.0
initial,294,20655,L2,1.0,0.0,-0.003715885104611516,False,0.0,-11.268712997436523,0,0.00038880310603417456,0.09248699992895126,0.0
initial,294,26550,L1,-1.0,0.0,-0.003715885104611516,False,0.0,-11.268712997436523,0,-0.0014534220099449158,-0.09248699992895126,0.0
initial,295,20655,L2,1.0,0.0,-0.003715885104611516,False,0.0,-10.696823120117188,0,0.0003156833699904382,0.09248699992895126,0.0
initial,295,26550,L1,-1.0,0.0,-0.003715885104611516,False,0.0,-10.696823120117188,0,-0.001180086168460548,-0.09248699992895126,0.0
initial,296,20655,L2,1.0,0.0,-0.003715885104611516,False,0.0,-10.153956413269043,0,0.00025631478638388216,0.09248699992895126,3.4367105854471447e-06
initial,296,26550,L1,-1.0,0.0,-0.003715885104611516,False,0.0,-10.153956413269043,0,-0.0009581547928974032,-0.09248699992895126,-3.4367105854471447e-06
initial,297,20655,L2,1.0,0.0,-0.0007018398027867079,False,0.0,-9.638640403747559,0,0.00020811129070352763,0.017468532547354698,0.0
initial,297,26550,L1,-1.0,0.0,-0.0007018398027867079,False,0.0,-9.638640403747559,0,-0.0007779606967233121,-0.017468532547354698,0.0
initial,298,20655,L2,1.0,0.0,-0.0007018398027867079,False,0.0,-9.149477005004883,0,0.00016897311434149742,0.017468532547354698,0.0
initial,298,26550,L1,-1.0,0.0,-0.0007018398027867079,False,0.0,-9.149477005004883,0,-0.0006316545186564326,-0.017468532547354698,0.0
initial,299,20655,L2,1.0,0.0,-0.0007018398027867079,False,0.0,-8.685138702392578,0,0.000137195413117297,0.017468532547354698,0.0
initial,299,26550,L1,-1.0,0.0,-0.0007018398027867079,False,0.0,-8.685138702392578,0,-0.000512863218318671,-0.017468532547354698,0.0
initial,300,20655,L2,1.0,0.0,-0.0007018398027867079,False,0.0,-8.244365692138672,0,0.00011139393609482795,0.017468532547354698,0.0
initial,300,26550,L1,-1.0,0.0,-0.0007018398027867079,False,0.0,-8.244365692138672,0,-0.00041641228017397225,-0.017468532547354698,0.0
initial,301,20655,L2,1.0,0.0,-0.0007018398027867079,False,0.0,-7.825962066650391,0,9.04447806533426e-05,0.017468532547354698,0.0
initial,301,26550,L1,-1.0,0.0,-0.0007018398027867079,False,0.0,-7.825962066650391,0,-0.0003381002461537719,-0.017468532547354698,0.0
initial,302,20655,L2,1.0,0.0,-0.0007018398027867079,False,0.0,-7.428792476654053,0,7.343540346482769e-05,0.017468532547354698,0.0
initial,302,26550,L1,-1.0,0.0,-0.0007018398027867079,False,0.0,-7.428792476654053,0,-0.0002745158562902361,-0.017468532547354698,0.0
initial,303,20655,L2,1.0,0.0,-0.0007018398027867079,False,0.0,-7.051779270172119,0,5.9624871937558055e-05,0.017468532547354698,0.0
initial,303,26550,L1,-1.0,0.0,-0.0007018398027867079,False,0.0,-7.051779270172119,0,-0.00022288940090220422,-0.017468532547354698,0.0
initial,304,20655,L2,1.0,1.0,-0.0007018398027867079,False,30.0,23.306100845336914,0,4.84115989820566e-05,0.017468532547354698,0.0001748079084791243
initial,304,26550,L1,-1.0,1.0,-0.0007018398027867079,False,30.0,23.306100845336914,0,-0.0001809719979064539,-0.017468532547354698,-0.0001748079084791243
initial,305,20655,L2,1.0,0.0,-0.00013256038073450327,False,0.0,22.123310089111328,0,3.930713501176797e-05,0.0032993785571306944,0.0
initial,305,26550,L1,-1.0,0.0,-0.00013256038073450327,False,0.0,22.123310089111328,0,-0.00014693773118779063,-0.0032993785571306944,0.0
initial,306,20655,L2,1.0,0.0,-0.00013256038073450327,False,0.0,21.000545501708984,0,3.1914889405015856e-05,0.0032993785571306944,0.0
initial,306,26550,L1,-1.0,0.0,-0.00013256038073450327,False,0.0,21.000545501708984,0,-0.00011930408072657883,-0.0032993785571306944,0.0
initial,307,20655,L2,1.0,0.0,-0.00013256038073450327,False,0.0,19.934762954711914,0,2.5912857381626964e-05,0.0032993785571306944,0.0
initial,307,26550,L1,-1.0,0.0,-0.00013256038073450327,False,0.0,19.934762954711914,0,-9.686731937108561e-05,-0.0032993785571306944,0.0
initial,308,20655,L2,1.0,0.0,-0.00013256038073450327,False,0.0,18.92306900024414,0,2.1039590137661435e-05,0.0032993785571306944,0.0
initial,308,26550,L1,-1.0,0.0,-0.00013256038073450327,False,0.0,18.92306900024414,0,-7.865009683882818e-05,-0.0032993785571306944,0.0
initial,309,20655,L2,1.0,0.0,-0.00013256038073450327,False,0.0,17.962718963623047,0,1.708280797174666e-05,0.0032993785571306944,0.0
initial,309,26550,L1,-1.0,0.0,-0.00013256038073450327,False,0.0,17.962718963623047,0,-6.385886808857322e-05,-0.0032993785571306944,0.0
initial,310,20655,L2,1.0,0.0,-0.00013256038073450327,False,0.0,17.051105499267578,0,1.3870152542949654e-05,0.0032993785571306944,0.0
initial,310,26550,L1,-1.0,0.0,-0.00013256038073450327,False,0.0,17.051105499267578,0,-5.184933252166957e-05,-0.0032993785571306944,0.0
initial,311,20655,L2,1.0,0.0,-0.00013256038073450327,True,0.0,16.18575668334961,0,1.1261680811003316e-05,0.0032993785571306944,0.0
initial,311,26550,L1,-1.0,0.0,-0.00013256038073450327,True,0.0,16.18575668334961,0,-4.209835606161505e-05,-0.0032993785571306944,0.0
initial,312,20655,L2,1.0,0.0,-0.00013256038073450327,False,0.0,15.364325523376465,1,0.008325915783643723,0.0032993785571306944,4.373668538448783e-09
initial,312,26550,L1,-1.0,0.0,-0.00013256038073450327,False,0.0,15.364325523376465,1,-0.061240680515766144,-0.0032993785571306944,-4.373668538448783e-09
initial,328,20655,L2,1.0,-1.0,-0.03830413520336151,False,-30.0,-23.32269287109375,0,0.004072533454746008,0.7242547273635864,-0.006965127307921648
initial,328,26550,L1,-1.0,-1.0,-0.03830413520336151,False,-30.0,-23.32269287109375,0,-0.029970234259963036,-0.7242547273635864,0.006965127307921648
initial,329,20655,L2,1.0,0.0,-0.02589769847691059,False,0.0,-22.139060974121094,0,0.0033066377509385347,0.48966002464294434,0.0
initial,329,26550,L1,-1.0,0.0,-0.02589769847691059,False,0.0,-22.139060974121094,0,-0.024333922192454338,-0.48966002464294434,0.0
initial,330,20655,L2,1.0,0.0,-0.02589769847691059,False,0.0,-21.0154972076416,0,0.002684779232367873,0.48966002464294434,0.0
initial,330,26550,L1,-1.0,0.0,-0.02589769847691059,False,0.0,-21.0154972076416,0,-0.019757594913244247,-0.48966002464294434,0.0
initial,331,20655,L2,1.0,0.0,-0.02589769847691059,False,0.0,-19.948955535888672,0,0.002179869683459401,0.48966002464294434,0.0
initial,331,26550,L1,-1.0,0.0,-0.02589769847691059,False,0.0,-19.948955535888672,0,-0.016041908413171768,-0.48966002464294434,0.0
initial,332,20655,L2,1.0,0.0,-0.02589769847691059,False,0.0,-18.936540603637695,0,0.001769915339536965,0.48966002464294434,0.0
initial,332,26550,L1,-1.0,0.0,-0.02589769847691059,False,0.0,-18.936540603637695,0,-0.013025008141994476,-0.48966002464294434,0.0
initial,333,20655,L2,1.0,0.0,-0.02589769847691059,False,0.0,-17.975505828857422,0,0.0014370585558936,0.48966002464294434,0.0
initial,333,26550,L1,-1.0,0.0,-0.02589769847691059,False,0.0,-17.975505828857422,0,-0.010575477033853531,-0.48966002464294434,0.0
initial,334,20655,L2,1.0,0.0,-0.02589769847691059,False,0.0,-17.063243865966797,0,0.0011668000370264053,0.48966002464294434,0.0
initial,334,26550,L1,-1.0,0.0,-0.02589769847691059,False,0.0,-17.063243865966797,0,-0.008586613461375237,-0.48966002464294434,0.0
initial,335,20655,L2,1.0,0.0,-0.02589769847691059,False,0.0,-16.19727897644043,0,0.0009473673417232931,0.48966002464294434,0.0
initial,335,26550,L1,-1.0,0.0,-0.02589769847691059,False,0.0,-16.19727897644043,0,-0.006971783470362425,-0.48966002464294434,0.0
initial,336,20655,L2,1.0,0.0,-0.02589769847691059,False,0.0,-15.375263214111328,0,0.000769201957155019,0.48966002464294434,0.00012681067164521664
initial,336,26550,L1,-1.0,0.0,-0.02589769847691059,False,0.0,-15.375263214111328,0,-0.005660644266754389,-0.48966002464294434,-0.00012681067164521664
initial,337,20655,L2,1.0,0.0,-0.0048914416693151,False,0.0,-14.594964981079102,0,0.0006245429976843297,0.09248480945825577,0.0
initial,337,26550,L1,-1.0,0.0,-0.0048914416693151,False,0.0,-14.594964981079102,0,-0.004596082493662834,-0.09248480945825577,0.0
initial,338,20655,L2,1.0,0.0,-0.0048914416693151,False,0.0,-13.854267120361328,0,0.0005070891347713768,0.09248480945825577,0.0
initial,338,26550,L1,-1.0,0.0,-0.0048914416693151,False,0.0,-13.854267120361328,0,-0.0037317262031137943,-0.09248480945825577,0.0
initial,339,20655,L2,1.0,0.0,-0.0048914416693151,False,0.0,-13.151159286499023,0,0.0004117240896448493,0.09248480945825577,0.0
initial,339,26550,L1,-1.0,0.0,-0.0048914416693151,False,0.0,-13.151159286499023,0,-0.0030299241188913584,-0.09248480945825577,0.0
initial,340,20655,L2,1.0,0.0,-0.0048914416693151,False,0.0,-12.483734130859375,0,0.0003342937561683357,0.09248480945825577,0.0
initial,340,26550,L1,-1.0,0.0,-0.0048914416693151,False,0.0,-12.483734130859375,0,-0.0024601053446531296,-0.09248480945825577,0.0
initial,341,20655,L2,1.0,0.0,-0.0048914416693151,False,0.0,-11.850181579589844,0,0.0002714252332225442,0.09248480945825577,0.0
initial,341,26550,L1,-1.0,0.0,-0.0048914416693151,False,0.0,-11.850181579589844,0,-0.001997448969632387,-0.09248480945825577,0.0
initial,342,20655,L2,1.0,0.0,-0.0048914416693151,False,0.0,-11.24878215789795,0,0.00022038001043256372,0.09248480945825577,0.0
initial,342,26550,L1,-1.0,0.0,-0.0048914416693151,False,0.0,-11.24878215789795,0,-0.0016218014061450958,-0.09248480945825577,0.0
initial,343,20655,L2,1.0,0.0,-0.0048914416693151,False,0.0,-10.677903175354004,0,0.00017893454059958458,0.09248480945825577,0.0
initial,343,26550,L1,-1.0,0.0,-0.0048914416693151,False,0.0,-10.677903175354004,0,-0.0013167994329705834,-0.09248480945825577,0.0
initial,344,20655,L2,1.0,0.0,-0.0048914416693151,False,0.0,-10.13599681854248,0,0.00014528345491271466,0.09248480945825577,4.523840289039072e-06
initial,344,26550,L1,-1.0,0.0,-0.0048914416693151,False,0.0,-10.13599681854248,0,-0.001069157267920673,-0.09248480945825577,-4.523840289039072e-06
initial,345,20655,L2,1.0,0.0,-0.0009238736238330603,False,0.0,-9.62159252166748,0,0.00011796091712312773,0.017468120902776718,0.0
initial,345,26550,L1,-1.0,0.0,-0.0009238736238330603,False,0.0,-9.62159252166748,0,-0.0008680876344442368,-0.017468120902776718,0.0
initial,346,20655,L2,1.0,0.0,-0.0009238736238330603,False,0.0,-9.133294105529785,0,9.577675518812612e-05,0.017468120902776718,0.0
initial,346,26550,L1,-1.0,0.0,-0.0009238736238330603,False,0.0,-9.133294105529785,0,-0.0007048318511806428,-0.017468120902776718,0.0
initial,347,20655,L2,1.0,0.0,-0.0009238736238330603,False,0.0,-8.669776916503906,0,7.776462734909728e-05,0.017468120902776718,0.0
initial,347,26550,L1,-1.0,0.0,-0.0009238736238330603,False,0.0,-8.669776916503906,0,-0.000572278571780771,-0.017468120902776718,0.0
initial,348,20655,L2,1.0,0.0,-0.0009238736238330603,False,0.0,-8.229783058166504,0,6.313992344075814e-05,0.017468120902776718,0.0
initial,348,26550,L1,-1.0,0.0,-0.0009238736238330603,False,0.0,-8.229783058166504,0,-0.00046465377090498805,-0.017468120902776718,0.0
initial,349,20655,L2,1.0,0.0,-0.0009238736238330603,False,0.0,-7.812119483947754,0,5.126559699419886e-05,0.017468120902776718,0.0
initial,349,26550,L1,-1.0,0.0,-0.0009238736238330603,False,0.0,-7.812119483947754,0,-0.000377269258024171,-0.017468120902776718,0.0
initial,350,20655,L2,1.0,0.0,-0.0009238736238330603,False,0.0,-7.415652275085449,0,4.162440018262714e-05,0.017468120902776718,0.0
initial,350,26550,L1,-1.0,0.0,-0.0009238736238330603,False,0.0,-7.415652275085449,0,-0.00030631860136054456,-0.017468120902776718,0.0
initial,351,20655,L2,1.0,0.0,-0.0009238736238330603,False,0.0,-7.039306163787842,0,3.379636109457351e-05,0.017468120902776718,0.0
initial,351,26550,L1,-1.0,0.0,-0.0009238736238330603,False,0.0,-7.039306163787842,0,-0.0002487112069502473,-0.017468120902776718,0.0
initial,352,20655,L2,1.0,1.0,-0.0009238736238330603,False,30.0,23.31793975830078,0,2.744049379543867e-05,0.017468120902776718,0.0001748425856931135
initial,352,26550,L1,-1.0,1.0,-0.0009238736238330603,False,30.0,23.31793975830078,0,-0.00020193765521980822,-0.017468120902776718,-0.0001748425856931135
initial,353,20655,L2,1.0,0.0,-0.0001744971377775073,False,0.0,22.13454818725586,0,2.2279933546087705e-05,0.0032993005588650703,0.0
initial,353,26550,L1,-1.0,0.0,-0.0001744971377775073,False,0.0,22.13454818725586,0,-0.0001639605179661885,-0.0032993005588650703,0.0
initial,354,20655,L2,1.0,0.0,-0.0001744971377775073,False,0.0,21.011213302612305,0,1.8089887817041017e-05,0.0032993005588650703,0.0
initial,354,26550,L1,-1.0,0.0,-0.0001744971377775073,False,0.0,21.011213302612305,0,-0.0001331255043623969,-0.0032993005588650703,0.0
initial,355,20655,L2,1.0,0.0,-0.0001744971377775073,False,0.0,19.944889068603516,0,1.468783648306271e-05,0.0032993005588650703,0.0
initial,355,26550,L1,-1.0,0.0,-0.0001744971377775073,False,0.0,19.944889068603516,0,-0.00010808942897710949,-0.0032993005588650703,0.0
initial,356,20655,L2,1.0,0.0,-0.0001744971377775073,False,0.0,18.932680130004883,0,1.1925588296435308e-05,0.0032993005588650703,0.0
initial,356,26550,L1,-1.0,0.0,-0.0001744971377775073,False,0.0,18.932680130004883,0,-8.77617349033244e-05,-0.0032993005588650703,0.0
initial,357,20655,L2,1.0,0.0,-0.0001744971377775073,False,0.0,17.97184181213379,0,9.682818017608952e-06,0.0032993005588650703,0.0
initial,357,26550,L1,-1.0,0.0,-0.0001744971377775073,False,0.0,17.97184181213379,0,-7.125693809939548e-05,-0.0032993005588650703,0.0
initial,358,20655,L2,1.0,0.0,-0.0001744971377775073,False,0.0,17.05976676940918,0,7.861831363698002e-06,0.0032993005588650703,0.0
initial,358,26550,L1,-1.0,0.0,-0.0001744971377775073,False,0.0,17.05976676940918,0,-5.7856097555486485e-05,-0.0032993005588650703,0.0
initial,359,20655,L2,1.0,0.0,-0.0001744971377775073,True,0.0,16.193979263305664,0,6.383306299539981e-06,0.0032993005588650703,0.0
initial,359,26550,L1,-1.0,0.0,-0.0001744971377775073,True,0.0,16.193979263305664,0,-4.697546683019027e-05,-0.0032993005588650703,0.0
initial,360,20655,L2,1.0,0.0,-0.0001744971377775073,False,0.0,15.372130393981934,1,0.0021924867760390043,0.0032993005588650703,5.7571849509940876e-09
initial,360,26550,L1,-1.0,0.0,-0.0001744971377775073,False,0.0,15.372130393981934,1,-0.06737411022186279,-0.0032993005588650703,-5.7571849509940876e-09
frame-trained,232,20655,L2,1.0,-1.0,-0.36523863673210144,False,-30.0,-23.867406845092773,0,0.005902629811316729,1.0984411239624023,-0.00697247963398695
frame-trained,232,26550,L1,-1.0,-1.0,-0.36523863673210144,False,-30.0,-23.867406845092773,0,-0.2528647482395172,-1.0984430313110352,0.00697249174118042
frame-trained,233,20655,L2,1.0,0.0,-0.24696210026741028,False,0.0,-22.656129837036133,0,0.004792559426277876,0.7427300810813904,0.0
frame-trained,233,26550,L1,-1.0,0.0,-0.24696210026741028,False,0.0,-22.656129837036133,0,-0.20531007647514343,-0.7427303791046143,0.0
frame-trained,234,20655,L2,1.0,0.0,-0.24696210026741028,False,0.0,-21.506324768066406,0,0.0038912531454116106,0.7427300810813904,0.0
frame-trained,234,26550,L1,-1.0,0.0,-0.24696210026741028,False,0.0,-21.506324768066406,0,-0.16669870913028717,-0.7427303791046143,0.0
frame-trained,235,20655,L2,1.0,0.0,-0.24696210026741028,False,0.0,-20.414873123168945,0,0.0031594496686011553,0.7427300810813904,0.0
frame-trained,235,26550,L1,-1.0,0.0,-0.24696210026741028,False,0.0,-20.414873123168945,0,-0.13534873723983765,-0.7427303791046143,0.0
frame-trained,236,20655,L2,1.0,0.0,-0.24696210026741028,False,0.0,-19.378812789916992,0,0.002565271919593215,0.7427300810813904,0.0
frame-trained,236,26550,L1,-1.0,0.0,-0.24696210026741028,False,0.0,-19.378812789916992,0,-0.10989455878734589,-0.7427303791046143,0.0
frame-trained,237,20655,L2,1.0,0.0,-0.24696210026741028,False,0.0,-18.39533233642578,0,0.002082837512716651,0.7427300810813904,0.0
frame-trained,237,26550,L1,-1.0,0.0,-0.24696210026741028,False,0.0,-18.39533233642578,0,-0.08922738581895828,-0.7427303791046143,0.0
frame-trained,238,20655,L2,1.0,0.0,-0.24696210026741028,False,0.0,-17.46176528930664,0,0.0016911313869059086,0.7427300810813904,0.0
frame-trained,238,26550,L1,-1.0,0.0,-0.24696210026741028,False,0.0,-17.46176528930664,0,-0.07244695723056793,-0.7427303791046143,0.0
frame-trained,239,20655,L2,1.0,0.0,-0.24696210026741028,False,0.0,-16.575576782226562,0,0.0013730910141021013,0.7427300810813904,0.0
frame-trained,239,26550,L1,-1.0,0.0,-0.24696210026741028,False,0.0,-16.575576782226562,0,-0.05882231518626213,-0.7427303791046143,0.0
frame-trained,240,20655,L2,1.0,0.0,-0.24696210026741028,False,0.0,-15.73436164855957,0,0.0011148625053465366,0.7427300810813904,0.0018342616967856884
frame-trained,240,26550,L1,-1.0,0.0,-0.24696210026741028,False,0.0,-15.73436164855957,0,-0.047759972512722015,-0.7427303791046143,-0.0018342625116929412
frame-trained,241,20655,L2,1.0,0.0,-0.046645112335681915,False,0.0,-14.93583869934082,0,0.0009051973465830088,0.14028353989124298,0.0
frame-trained,241,26550,L1,-1.0,0.0,-0.046645112335681915,False,0.0,-14.93583869934082,0,-0.03877805545926094,-0.14028359949588776,0.0
frame-trained,242,20655,L2,1.0,0.0,-0.046645112335681915,False,0.0,-14.177841186523438,0,0.0007349625811912119,0.14028353989124298,0.0
frame-trained,242,26550,L1,-1.0,0.0,-0.046645112335681915,False,0.0,-14.177841186523438,0,-0.031485311686992645,-0.14028359949588776,0.0
frame-trained,243,20655,L2,1.0,0.0,-0.046645112335681915,False,0.0,-13.458312034606934,0,0.0005967427860014141,0.14028353989124298,0.0
frame-trained,243,26550,L1,-1.0,0.0,-0.046645112335681915,False,0.0,-13.458312034606934,0,-0.02556406892836094,-0.14028359949588776,0.0
frame-trained,244,20655,L2,1.0,0.0,-0.046645112335681915,False,0.0,-12.775299072265625,0,0.0004845171351917088,0.14028353989124298,0.0
frame-trained,244,26550,L1,-1.0,0.0,-0.046645112335681915,False,0.0,-12.775299072265625,0,-0.020756395533680916,-0.14028359949588776,0.0
frame-trained,245,20655,L2,1.0,0.0,-0.046645112335681915,False,0.0,-12.126949310302734,0,0.0003933970583602786,0.14028353989124298,0.0
frame-trained,245,26550,L1,-1.0,0.0,-0.046645112335681915,False,0.0,-12.126949310302734,0,-0.01685287058353424,-0.14028359949588776,0.0
frame-trained,246,20655,L2,1.0,0.0,-0.046645112335681915,False,0.0,-11.511503219604492,0,0.00031941334600560367,0.14028353989124298,0.0
frame-trained,246,26550,L1,-1.0,0.0,-0.046645112335681915,False,0.0,-11.511503219604492,0,-0.013683457858860493,-0.14028359949588776,0.0
frame-trained,247,20655,L2,1.0,0.0,-0.046645112335681915,False,0.0,-10.927291870117188,0,0.0002593433018773794,0.14028353989124298,0.0
frame-trained,247,26550,L1,-1.0,0.0,-0.046645112335681915,False,0.0,-10.927291870117188,0,-0.011110096238553524,-0.14028359949588776,0.0
frame-trained,248,20655,L2,1.0,0.0,-0.046645112335681915,False,0.0,-10.372729301452637,0,0.0002105702442349866,0.14028353989124298,6.543541530845687e-05
frame-trained,248,26550,L1,-1.0,0.0,-0.046645112335681915,False,0.0,-10.372729301452637,0,-0.009020690806210041,-0.14028359949588776,-6.543543713632971e-05
frame-trained,249,20655,L2,1.0,0.0,-0.008810121566057205,False,0.0,-9.84631061553955,0,0.00017096962255891412,0.02649613469839096,0.0
frame-trained,249,26550,L1,-1.0,0.0,-0.008810121566057205,False,0.0,-9.84631061553955,0,-0.007324226666241884,-0.02649614028632641,0.0
frame-trained,250,20655,L2,1.0,0.0,-0.008810121566057205,False,0.0,-9.34660816192627,0,0.00013881645281799138,0.02649613469839096,0.0
frame-trained,250,26550,L1,-1.0,0.0,-0.008810121566057205,False,0.0,-9.34660816192627,0,-0.005946805700659752,-0.02649614028632641,0.0
frame-trained,251,20655,L2,1.0,0.0,-0.008810121566057205,False,0.0,-8.872265815734863,0,0.00011271012044744566,0.02649613469839096,0.0
frame-trained,251,26550,L1,-1.0,0.0,-0.008810121566057205,False,0.0,-8.872265815734863,0,-0.004828427452594042,-0.02649614028632641,0.0
frame-trained,252,20655,L2,1.0,0.0,-0.008810121566057205,False,0.0,-8.421996116638184,0,9.15134369279258e-05,0.02649613469839096,0.0
frame-trained,252,26550,L1,-1.0,0.0,-0.008810121566057205,False,0.0,-8.421996116638184,0,-0.00392037583515048,-0.02649614028632641,0.0
frame-trained,253,20655,L2,1.0,0.0,-0.008810121566057205,False,0.0,-7.994577884674072,0,7.43030832381919e-05,0.02649613469839096,0.0
frame-trained,253,26550,L1,-1.0,0.0,-0.008810121566057205,False,0.0,-7.994577884674072,0,-0.003183095483109355,-0.02649614028632641,0.0
frame-trained,254,20655,L2,1.0,0.0,-0.008810121566057205,False,0.0,-7.588850975036621,0,6.032937017153017e-05,0.02649613469839096,0.0
frame-trained,254,26550,L1,-1.0,0.0,-0.008810121566057205,False,0.0,-7.588850975036621,0,-0.0025844709016382694,-0.02649614028632641,0.0
frame-trained,255,20655,L2,1.0,0.0,-0.008810121566057205,False,0.0,-7.203714847564697,0,4.898360566585325e-05,0.02649613469839096,0.0
frame-trained,255,26550,L1,-1.0,0.0,-0.008810121566057205,False,0.0,-7.203714847564697,0,-0.002098425757139921,-0.02649614028632641,0.0
frame-trained,256,20655,L2,1.0,1.0,-0.008810121566057205,False,30.0,23.161876678466797,0,3.977156666223891e-05,0.02649613469839096,0.00026729569071903825
frame-trained,256,26550,L1,-1.0,1.0,-0.008810121566057205,False,30.0,23.161876678466797,0,-0.001703788060694933,-0.02649614028632641,-0.00026729574892669916
frame-trained,257,20655,L2,1.0,0.0,-0.0016640167450532317,False,0.0,21.986406326293945,0,3.229198046028614e-05,0.005004472099244595,0.0
frame-trained,257,26550,L1,-1.0,0.0,-0.0016640167450532317,False,0.0,21.986406326293945,0,-0.0013833674602210522,-0.0050044734962284565,0.0
frame-trained,258,20655,L2,1.0,0.0,-0.0016640167450532317,False,0.0,20.870590209960938,0,2.6219031497021206e-05,0.005004472099244595,0.0
frame-trained,258,26550,L1,-1.0,0.0,-0.0016640167450532317,False,0.0,20.870590209960938,0,-0.0011232063407078385,-0.0050044734962284565,0.0
frame-trained,259,20655,L2,1.0,0.0,-0.0016640167450532317,False,0.0,19.811403274536133,0,2.1288184143486433e-05,0.005004472099244595,0.0
frame-trained,259,26550,L1,-1.0,0.0,-0.0016640167450532317,False,0.0,19.811403274536133,0,-0.0009119720198214054,-0.0050044734962284565,0.0
frame-trained,260,20655,L2,1.0,0.0,-0.0016640167450532317,False,0.0,18.80596923828125,0,1.7284650311921723e-05,0.005004472099244595,0.0
frame-trained,260,26550,L1,-1.0,0.0,-0.0016640167450532317,False,0.0,18.80596923828125,0,-0.0007404632051475346,-0.0050044734962284565,0.0
frame-trained,261,20655,L2,1.0,0.0,-0.0016640167450532317,False,0.0,17.851560592651367,0,1.403403530275682e-05,0.005004472099244595,0.0
frame-trained,261,26550,L1,-1.0,0.0,-0.0016640167450532317,False,0.0,17.851560592651367,0,-0.0006012089434079826,-0.0050044734962284565,0.0
frame-trained,262,20655,L2,1.0,0.0,-0.0016640167450532317,False,0.0,16.945589065551758,0,1.1394742614356801e-05,0.005004472099244595,0.0
frame-trained,262,26550,L1,-1.0,0.0,-0.0016640167450532317,False,0.0,16.945589065551758,0,-0.00048814338515512645,-0.0050044734962284565,0.0
frame-trained,263,20655,L2,1.0,0.0,-0.0016640167450532317,True,0.0,16.085596084594727,0,9.251805749954656e-06,0.005004472099244595,0.0
frame-trained,263,26550,L1,-1.0,0.0,-0.0016640167450532317,True,0.0,16.085596084594727,0,-0.00039634134736843407,-0.0050044734962284565,0.0
frame-trained,264,20655,L2,1.0,0.0,-0.0016640167450532317,False,0.0,15.269248008728027,1,0.003149233292788267,0.005004472099244595,8.327525335971586e-08
frame-trained,264,26550,L1,-1.0,0.0,-0.0016640167450532317,False,0.0,15.269248008728027,1,-0.34558022022247314,-0.0050044734962284565,-8.327528178142529e-08
frame-trained,280,20655,L2,1.0,-1.0,-0.24779869616031647,False,-30.0,-23.364013671875,0,0.0015386029845103621,0.7243154644966125,-0.005448310170322657
frame-trained,280,26550,L1,-1.0,-1.0,-0.24779869616031647,False,-30.0,-23.364013671875,0,-0.1690630167722702,-0.7243154644966125,0.005448310170322657
frame-trained,281,20655,L2,1.0,0.0,-0.16752439737319946,False,0.0,-22.17828369140625,0,0.0012492476962506771,0.48967158794403076,0.0
frame-trained,281,26550,L1,-1.0,0.0,-0.16752439737319946,False,0.0,-22.17828369140625,0,-0.13726840913295746,-0.48967158794403076,0.0
frame-trained,282,20655,L2,1.0,0.0,-0.16752439737319946,False,0.0,-21.052730560302734,0,0.0010143095860257745,0.48967158794403076,0.0
frame-trained,282,26550,L1,-1.0,0.0,-0.16752439737319946,False,0.0,-21.052730560302734,0,-0.11145320534706116,-0.48967158794403076,0.0
frame-trained,283,20655,L2,1.0,0.0,-0.16752439737319946,False,0.0,-19.984298706054688,0,0.0008235548157244921,0.48967158794403076,0.0
frame-trained,283,26550,L1,-1.0,0.0,-0.16752439737319946,False,0.0,-19.984298706054688,0,-0.09049290418624878,-0.48967158794403076,0.0
frame-trained,284,20655,L2,1.0,0.0,-0.16752439737319946,False,0.0,-18.970090866088867,0,0.0006686740671284497,0.48967158794403076,0.0
frame-trained,284,26550,L1,-1.0,0.0,-0.16752439737319946,False,0.0,-18.970090866088867,0,-0.0734744742512703,-0.48967158794403076,0.0
frame-trained,285,20655,L2,1.0,0.0,-0.16752439737319946,False,0.0,-18.007354736328125,0,0.0005429207812994719,0.48967158794403076,0.0
frame-trained,285,26550,L1,-1.0,0.0,-0.16752439737319946,False,0.0,-18.007354736328125,0,-0.059656593948602676,-0.48967158794403076,0.0
frame-trained,286,20655,L2,1.0,0.0,-0.16752439737319946,False,0.0,-17.093477249145508,0,0.0004408170934766531,0.48967158794403076,0.0
frame-trained,286,26550,L1,-1.0,0.0,-0.16752439737319946,False,0.0,-17.093477249145508,0,-0.04843735694885254,-0.48967158794403076,0.0
frame-trained,287,20655,L2,1.0,0.0,-0.16752439737319946,False,0.0,-16.22597885131836,0,0.0003579154144972563,0.48967158794403076,0.0
frame-trained,287,26550,L1,-1.0,0.0,-0.16752439737319946,False,0.0,-16.22597885131836,0,-0.03932804986834526,-0.48967158794403076,0.0
frame-trained,288,20655,L2,1.0,0.0,-0.16752439737319946,False,0.0,-15.402505874633789,0,0.0002906045119743794,0.48967158794403076,0.000820319342892617
frame-trained,288,26550,L1,-1.0,0.0,-0.16752439737319946,False,0.0,-15.402505874633789,0,-0.03193187341094017,-0.48967158794403076,-0.000820319342892617
frame-trained,289,20655,L2,1.0,0.0,-0.031641263514757156,False,0.0,-14.620824813842773,0,0.00023595236416440457,0.09248699992895126,0.0
frame-trained,289,26550,L1,-1.0,0.0,-0.031641263514757156,False,0.0,-14.620824813842773,0,-0.02592664770781994,-0.09248699992895126,0.0
frame-trained,290,20655,L2,1.0,0.0,-0.031641263514757156,False,0.0,-13.878813743591309,0,0.00019157829228788614,0.09248699992895126,0.0
frame-trained,290,26550,L1,-1.0,0.0,-0.031641263514757156,False,0.0,-13.878813743591309,0,-0.02105078659951687,-0.09248699992895126,0.0
frame-trained,291,20655,L2,1.0,0.0,-0.031641263514757156,False,0.0,-13.174460411071777,0,0.0001555493799969554,0.09248699992895126,0.0
frame-trained,291,26550,L1,-1.0,0.0,-0.031641263514757156,False,0.0,-13.174460411071777,0,-0.017091898247599602,-0.09248699992895126,0.0
frame-trained,292,20655,L2,1.0,0.0,-0.031641263514757156,False,0.0,-12.505853652954102,0,0.00012629618868231773,0.09248699992895126,0.0
frame-trained,292,26550,L1,-1.0,0.0,-0.031641263514757156,False,0.0,-12.505853652954102,0,-0.013877533376216888,-0.09248699992895126,0.0
frame-trained,293,20655,L2,1.0,0.0,-0.031641263514757156,False,0.0,-11.87117862701416,0,0.00010254446533508599,0.09248699992895126,0.0
frame-trained,293,26550,L1,-1.0,0.0,-0.031641263514757156,False,0.0,-11.87117862701416,0,-0.01126767322421074,-0.09248699992895126,0.0
frame-trained,294,20655,L2,1.0,0.0,-0.031641263514757156,False,0.0,-11.268712997436523,0,8.325957605848089e-05,0.09248699992895126,0.0
frame-trained,294,26550,L1,-1.0,0.0,-0.031641263514757156,False,0.0,-11.268712997436523,0,-0.009148633107542992,-0.09248699992895126,0.0
frame-trained,295,20655,L2,1.0,0.0,-0.031641263514757156,False,0.0,-10.696823120117188,0,6.760147516615689e-05,0.09248699992895126,0.0
frame-trained,295,26550,L1,-1.0,0.0,-0.031641263514757156,False,0.0,-10.696823120117188,0,-0.007428107317537069,-0.09248699992895126,0.0
frame-trained,296,20655,L2,1.0,0.0,-0.031641263514757156,False,0.0,-10.153956413269043,0,5.488809256348759e-05,0.09248699992895126,2.9264054319355637e-05
frame-trained,296,26550,L1,-1.0,0.0,-0.031641263514757156,False,0.0,-10.153956413269043,0,-0.006031149998307228,-0.09248699992895126,-2.9264054319355637e-05
frame-trained,297,20655,L2,1.0,0.0,-0.005976261105388403,False,0.0,-9.638640403747559,0,4.456563692656346e-05,0.017468532547354698,0.0
frame-trained,297,26550,L1,-1.0,0.0,-0.005976261105388403,False,0.0,-9.638640403747559,0,-0.0048969099298119545,-0.017468532547354698,0.0
frame-trained,298,20655,L2,1.0,0.0,-0.005976261105388403,False,0.0,-9.149477005004883,0,3.618445771280676e-05,0.017468532547354698,0.0
frame-trained,298,26550,L1,-1.0,0.0,-0.005976261105388403,False,0.0,-9.149477005004883,0,-0.0039759790524840355,-0.017468532547354698,0.0
frame-trained,299,20655,L2,1.0,0.0,-0.005976261105388403,False,0.0,-8.685138702392578,0,2.9379474653978832e-05,0.017468532547354698,0.0
frame-trained,299,26550,L1,-1.0,0.0,-0.005976261105388403,False,0.0,-8.685138702392578,0,-0.0032282418105751276,-0.017468532547354698,0.0
frame-trained,300,20655,L2,1.0,0.0,-0.005976261105388403,False,0.0,-8.244365692138672,0,2.385426159889903e-05,0.017468532547354698,0.0
frame-trained,300,26550,L1,-1.0,0.0,-0.005976261105388403,False,0.0,-8.244365692138672,0,-0.00262112682685256,-0.017468532547354698,0.0
frame-trained,301,20655,L2,1.0,0.0,-0.005976261105388403,False,0.0,-7.825962066650391,0,1.9368140783626586e-05,0.017468532547354698,0.0
frame-trained,301,26550,L1,-1.0,0.0,-0.005976261105388403,False,0.0,-7.825962066650391,0,-0.002128188032656908,-0.017468532547354698,0.0
frame-trained,302,20655,L2,1.0,0.0,-0.005976261105388403,False,0.0,-7.428792476654053,0,1.5725696357549168e-05,0.017468532547354698,0.0
frame-trained,302,26550,L1,-1.0,0.0,-0.005976261105388403,False,0.0,-7.428792476654053,0,-0.0017279532039538026,-0.017468532547354698,0.0
frame-trained,303,20655,L2,1.0,0.0,-0.005976261105388403,False,0.0,-7.051779270172119,0,1.2768264241458382e-05,0.017468532547354698,0.0
frame-trained,303,26550,L1,-1.0,0.0,-0.005976261105388403,False,0.0,-7.051779270172119,0,-0.001402987982146442,-0.017468532547354698,0.0
frame-trained,304,20655,L2,1.0,1.0,-0.005976261105388403,False,30.0,23.306100845336914,0,1.0367017239332199e-05,0.017468532547354698,0.0001757292920956388
frame-trained,304,26550,L1,-1.0,1.0,-0.005976261105388403,False,30.0,23.306100845336914,0,-0.00113913684617728,-0.017468532547354698,-0.0001757292920956388
frame-trained,305,20655,L2,1.0,0.0,-0.001128769596107304,False,0.0,22.123310089111328,0,8.41735800349852e-06,0.0032993785571306944,0.0
frame-trained,305,26550,L1,-1.0,0.0,-0.001128769596107304,False,0.0,22.123310089111328,0,-0.0009249065769836307,-0.0032993785571306944,0.0
frame-trained,306,20655,L2,1.0,0.0,-0.001128769596107304,False,0.0,21.000545501708984,0,6.834358828200493e-06,0.0032993785571306944,0.0
frame-trained,306,26550,L1,-1.0,0.0,-0.001128769596107304,False,0.0,21.000545501708984,0,-0.000750965264160186,-0.0032993785571306944,0.0
frame-trained,307,20655,L2,1.0,0.0,-0.001128769596107304,False,0.0,19.934762954711914,0,5.549064098886447e-06,0.0032993785571306944,0.0
frame-trained,307,26550,L1,-1.0,0.0,-0.001128769596107304,False,0.0,19.934762954711914,0,-0.0006097359582781792,-0.0032993785571306944,0.0
frame-trained,308,20655,L2,1.0,0.0,-0.001128769596107304,False,0.0,18.92306900024414,0,4.505486685957294e-06,0.0032993785571306944,0.0
frame-trained,308,26550,L1,-1.0,0.0,-0.001128769596107304,False,0.0,18.92306900024414,0,-0.0004950667498633265,-0.0032993785571306944,0.0
frame-trained,309,20655,L2,1.0,0.0,-0.001128769596107304,False,0.0,17.962718963623047,0,3.6581682252290193e-06,0.0032993785571306944,0.0
frame-trained,309,26550,L1,-1.0,0.0,-0.001128769596107304,False,0.0,17.962718963623047,0,-0.0004019626649096608,-0.0032993785571306944,0.0
frame-trained,310,20655,L2,1.0,0.0,-0.001128769596107304,False,0.0,17.051105499267578,0,2.970199602714274e-06,0.0032993785571306944,0.0
frame-trained,310,26550,L1,-1.0,0.0,-0.001128769596107304,False,0.0,17.051105499267578,0,-0.0003263680846430361,-0.0032993785571306944,0.0
frame-trained,311,20655,L2,1.0,0.0,-0.001128769596107304,True,0.0,16.18575668334961,0,2.4116129679896403e-06,0.0032993785571306944,0.0
frame-trained,311,26550,L1,-1.0,0.0,-0.001128769596107304,True,0.0,16.18575668334961,0,-0.00026499011437408626,-0.0032993785571306944,0.0
frame-trained,312,20655,L2,1.0,0.0,-0.001128769596107304,False,0.0,15.364325523376465,1,0.0021483118180185556,0.0032993785571306944,3.724238339941621e-08
frame-trained,312,26550,L1,-1.0,0.0,-0.001128769596107304,False,0.0,15.364325523376465,1,-0.3464689552783966,-0.0032993785571306944,-3.724238339941621e-08
frame-trained,328,20655,L2,1.0,-1.0,-0.24922119081020355,False,-30.0,-23.32269287109375,0,0.0010510188294574618,0.7242547273635864,-0.005437550600618124
frame-trained,328,26550,L1,-1.0,-1.0,-0.24922119081020355,False,-30.0,-23.32269287109375,0,-0.16954661905765533,-0.7242547273635864,0.005437550600618124
frame-trained,329,20655,L2,1.0,0.0,-0.16849559545516968,False,0.0,-22.139060974121094,0,0.0008533603395335376,0.48966002464294434,0.0
frame-trained,329,26550,L1,-1.0,0.0,-0.16849559545516968,False,0.0,-22.139060974121094,0,-0.13766105473041534,-0.48966002464294434,0.0
frame-trained,330,20655,L2,1.0,0.0,-0.16849559545516968,False,0.0,-21.0154972076416,0,0.0006928742513991892,0.48966002464294434,0.0
frame-trained,330,26550,L1,-1.0,0.0,-0.16849559545516968,False,0.0,-21.0154972076416,0,-0.11177200824022293,-0.48966002464294434,0.0
frame-trained,331,20655,L2,1.0,0.0,-0.16849559545516968,False,0.0,-19.948955535888672,0,0.0005625697667710483,0.48966002464294434,0.0
frame-trained,331,26550,L1,-1.0,0.0,-0.16849559545516968,False,0.0,-19.948955535888672,0,-0.0907517522573471,-0.48966002464294434,0.0
frame-trained,332,20655,L2,1.0,0.0,-0.16849559545516968,False,0.0,-18.936540603637695,0,0.000456770823802799,0.48966002464294434,0.0
frame-trained,332,26550,L1,-1.0,0.0,-0.16849559545516968,False,0.0,-18.936540603637695,0,-0.07368464022874832,-0.48966002464294434,0.0
frame-trained,333,20655,L2,1.0,0.0,-0.16849559545516968,False,0.0,-17.975505828857422,0,0.0003708688309416175,0.48966002464294434,0.0
frame-trained,333,26550,L1,-1.0,0.0,-0.16849559545516968,False,0.0,-17.975505828857422,0,-0.05982723459601402,-0.48966002464294434,0.0
frame-trained,334,20655,L2,1.0,0.0,-0.16849559545516968,False,0.0,-17.063243865966797,0,0.0003011218796018511,0.48966002464294434,0.0
frame-trained,334,26550,L1,-1.0,0.0,-0.16849559545516968,False,0.0,-17.063243865966797,0,-0.048575904220342636,-0.48966002464294434,0.0
frame-trained,335,20655,L2,1.0,0.0,-0.16849559545516968,False,0.0,-16.19727897644043,0,0.00024449179181829095,0.48966002464294434,0.0
frame-trained,335,26550,L1,-1.0,0.0,-0.16849559545516968,False,0.0,-16.19727897644043,0,-0.039440542459487915,-0.48966002464294434,0.0
frame-trained,336,20655,L2,1.0,0.0,-0.16849559545516968,False,0.0,-15.375263214111328,0,0.00019851177057716995,0.48966002464294434,0.0008250555256381631
frame-trained,336,26550,L1,-1.0,0.0,-0.16849559545516968,False,0.0,-15.375263214111328,0,-0.03202321007847786,-0.48966002464294434,-0.0008250555256381631
frame-trained,337,20655,L2,1.0,0.0,-0.03182469680905342,False,0.0,-14.594964981079102,0,0.00016117891937028617,0.09248480945825577,0.0
frame-trained,337,26550,L1,-1.0,0.0,-0.03182469680905342,False,0.0,-14.594964981079102,0,-0.02600080706179142,-0.09248480945825577,0.0
frame-trained,338,20655,L2,1.0,0.0,-0.03182469680905342,False,0.0,-13.854267120361328,0,0.0001308670180151239,0.09248480945825577,0.0
frame-trained,338,26550,L1,-1.0,0.0,-0.03182469680905342,False,0.0,-13.854267120361328,0,-0.021111000329256058,-0.09248480945825577,0.0
frame-trained,339,20655,L2,1.0,0.0,-0.03182469680905342,False,0.0,-13.151159286499023,0,0.00010625568393152207,0.09248480945825577,0.0
frame-trained,339,26550,L1,-1.0,0.0,-0.03182469680905342,False,0.0,-13.151159286499023,0,-0.017140787094831467,-0.09248480945825577,0.0
frame-trained,340,20655,L2,1.0,0.0,-0.03182469680905342,False,0.0,-12.483734130859375,0,8.627284842077643e-05,0.09248480945825577,0.0
frame-trained,340,26550,L1,-1.0,0.0,-0.03182469680905342,False,0.0,-12.483734130859375,0,-0.013917227275669575,-0.09248480945825577,0.0
frame-trained,341,20655,L2,1.0,0.0,-0.03182469680905342,False,0.0,-11.850181579589844,0,7.004805956967175e-05,0.09248480945825577,0.0
frame-trained,341,26550,L1,-1.0,0.0,-0.03182469680905342,False,0.0,-11.850181579589844,0,-0.011299902573227882,-0.09248480945825577,0.0
frame-trained,342,20655,L2,1.0,0.0,-0.03182469680905342,False,0.0,-11.24878215789795,0,5.687456359737553e-05,0.09248480945825577,0.0
frame-trained,342,26550,L1,-1.0,0.0,-0.03182469680905342,False,0.0,-11.24878215789795,0,-0.009174801409244537,-0.09248480945825577,0.0
frame-trained,343,20655,L2,1.0,0.0,-0.03182469680905342,False,0.0,-10.677903175354004,0,4.6178523916751146e-05,0.09248480945825577,0.0
frame-trained,343,26550,L1,-1.0,0.0,-0.03182469680905342,False,0.0,-10.677903175354004,0,-0.007449354510754347,-0.09248480945825577,0.0
frame-trained,344,20655,L2,1.0,0.0,-0.03182469680905342,False,0.0,-10.13599681854248,0,3.7494020943995565e-05,0.09248480945825577,2.943300933111459e-05
frame-trained,344,26550,L1,-1.0,0.0,-0.03182469680905342,False,0.0,-10.13599681854248,0,-0.006048401352018118,-0.09248480945825577,-2.943300933111459e-05
frame-trained,345,20655,L2,1.0,0.0,-0.006010907236486673,False,0.0,-9.62159252166748,0,3.0442757633863948e-05,0.017468120902776718,0.0
frame-trained,345,26550,L1,-1.0,0.0,-0.006010907236486673,False,0.0,-9.62159252166748,0,-0.004910916555672884,-0.017468120902776718,0.0
frame-trained,346,20655,L2,1.0,0.0,-0.006010907236486673,False,0.0,-9.133294105529785,0,2.4717581254662946e-05,0.017468120902776718,0.0
frame-trained,346,26550,L1,-1.0,0.0,-0.006010907236486673,False,0.0,-9.133294105529785,0,-0.003987351432442665,-0.017468120902776718,0.0
frame-trained,347,20655,L2,1.0,0.0,-0.006010907236486673,False,0.0,-8.669776916503906,0,2.0069101083208807e-05,0.017468120902776718,0.0
frame-trained,347,26550,L1,-1.0,0.0,-0.006010907236486673,False,0.0,-8.669776916503906,0,-0.0032374754082411528,-0.017468120902776718,0.0
frame-trained,348,20655,L2,1.0,0.0,-0.006010907236486673,False,0.0,-8.229783058166504,0,1.6294832676067017e-05,0.017468120902776718,0.0
frame-trained,348,26550,L1,-1.0,0.0,-0.006010907236486673,False,0.0,-8.229783058166504,0,-0.0026286239735782146,-0.017468120902776718,0.0
frame-trained,349,20655,L2,1.0,0.0,-0.006010907236486673,False,0.0,-7.812119483947754,0,1.3230366675998084e-05,0.017468120902776718,0.0
frame-trained,349,26550,L1,-1.0,0.0,-0.006010907236486673,False,0.0,-7.812119483947754,0,-0.002134275157004595,-0.017468120902776718,0.0
frame-trained,350,20655,L2,1.0,0.0,-0.006010907236486673,False,0.0,-7.415652275085449,0,1.0742215636128094e-05,0.017468120902776718,0.0
frame-trained,350,26550,L1,-1.0,0.0,-0.006010907236486673,False,0.0,-7.415652275085449,0,-0.0017328955000266433,-0.017468120902776718,0.0
frame-trained,351,20655,L2,1.0,0.0,-0.006010907236486673,False,0.0,-7.039306163787842,0,8.721995072846767e-06,0.017468120902776718,0.0
frame-trained,351,26550,L1,-1.0,0.0,-0.006010907236486673,False,0.0,-7.039306163787842,0,-0.0014070008182898164,-0.017468120902776718,0.0
frame-trained,352,20655,L2,1.0,1.0,-0.006010907236486673,False,30.0,23.31793975830078,0,7.081704552547308e-06,0.017468120902776718,0.0001757311838446185
frame-trained,352,26550,L1,-1.0,1.0,-0.006010907236486673,False,30.0,23.31793975830078,0,-0.0011423950782045722,-0.017468120902776718,-0.0001757311838446185
frame-trained,353,20655,L2,1.0,0.0,-0.0011353135341778398,False,0.0,22.13454818725586,0,5.749893261963734e-06,0.0032993005588650703,0.0
frame-trained,353,26550,L1,-1.0,0.0,-0.0011353135341778398,False,0.0,22.13454818725586,0,-0.0009275520569644868,-0.0032993005588650703,0.0
frame-trained,354,20655,L2,1.0,0.0,-0.0011353135341778398,False,0.0,21.011213302612305,0,4.668547262554057e-06,0.0032993005588650703,0.0
frame-trained,354,26550,L1,-1.0,0.0,-0.0011353135341778398,False,0.0,21.011213302612305,0,-0.0007531131850555539,-0.0032993005588650703,0.0
frame-trained,355,20655,L2,1.0,0.0,-0.0011353135341778398,False,0.0,19.944889068603516,0,3.790563141592429e-06,0.0032993005588650703,0.0
frame-trained,355,26550,L1,-1.0,0.0,-0.0011353135341778398,False,0.0,19.944889068603516,0,-0.0006114799762144685,-0.0032993005588650703,0.0
frame-trained,356,20655,L2,1.0,0.0,-0.0011353135341778398,False,0.0,18.932680130004883,0,3.0776959647482727e-06,0.0032993005588650703,0.0
frame-trained,356,26550,L1,-1.0,0.0,-0.0011353135341778398,False,0.0,18.932680130004883,0,-0.0004964828258380294,-0.0032993005588650703,0.0
frame-trained,357,20655,L2,1.0,0.0,-0.0011353135341778398,False,0.0,17.97184181213379,0,2.4988930817926303e-06,0.0032993005588650703,0.0
frame-trained,357,26550,L1,-1.0,0.0,-0.0011353135341778398,False,0.0,17.97184181213379,0,-0.00040311244083568454,-0.0032993005588650703,0.0
frame-trained,358,20655,L2,1.0,0.0,-0.0011353135341778398,False,0.0,17.05976676940918,0,2.028942162723979e-06,0.0032993005588650703,0.0
frame-trained,358,26550,L1,-1.0,0.0,-0.0011353135341778398,False,0.0,17.05976676940918,0,-0.0003273016191087663,-0.0032993005588650703,0.0
frame-trained,359,20655,L2,1.0,0.0,-0.0011353135341778398,True,0.0,16.193979263305664,0,1.647371846047463e-06,0.0032993005588650703,0.0
frame-trained,359,26550,L1,-1.0,0.0,-0.0011353135341778398,True,0.0,16.193979263305664,0,-0.000265748065430671,-0.0032993005588650703,0.0
frame-trained,360,20655,L2,1.0,0.0,-0.0011353135341778398,False,0.0,15.372130393981934,1,0.0011857503559440374,0.0032993005588650703,3.7457404289398255e-08
frame-trained,360,26550,L1,-1.0,0.0,-0.0011353135341778398,False,0.0,15.372130393981934,1,-0.3474315106868744,-0.0032993005588650703,-3.7457404289398255e-08
